Method;Job;AnalyzeLaunchVariance;EvaluateOverhead;MaxAbsoluteError;MaxRelativeError;MinInvokeCount;MinIterationTime;OutlierMode;Affinity;EnvironmentVariables;Jit;LargeAddressAware;Platform;PowerPlanMode;Runtime;AllowVeryLargeObjects;Concurrent;CpuGroups;Force;HeapAffinitizeMask;HeapCount;NoAffinitize;RetainVm;Server;Arguments;BuildConfiguration;Clock;EngineFactory;NuGetReferences;Toolchain;IsMutator;InvocationCount;IterationCount;IterationTime;LaunchCount;MaxIterationCount;MaxWarmupIterationCount;MemoryRandomization;MinIterationCount;MinWarmupIterationCount;RunStrategy;UnrollFactor;WarmupCount;Mean;Error;StdDev;Ratio;RatioSD;Code Size;Allocated;Alloc Ratio
WithoutSeed;net10;False;Default;Default;Default;Default;Default;Default;11111111111111111111;Empty;RyuJit;Default;X64;8c5e7fda-e8bf-4a96-9a85-a6e23a8c635c;.NET 10.0;False;True;False;True;Default;Default;False;False;False;Default;Default;Default;Default;Default;net10;Default;Default;Default;Default;Default;Default;Default;Default;Default;Default;Default;16;Default;2.091 ns;0.0722 ns;0.1524 ns;1.01;0.10;170 B;0 B;NA
WithSeed;net10;False;Default;Default;Default;Default;Default;Default;11111111111111111111;Empty;RyuJit;Default;X64;8c5e7fda-e8bf-4a96-9a85-a6e23a8c635c;.NET 10.0;False;True;False;True;Default;Default;False;False;False;Default;Default;Default;Default;Default;net10;Default;Default;Default;Default;Default;Default;Default;Default;Default;Default;Default;16;Default;2.470 ns;0.0275 ns;0.0229 ns;1.19;0.09;215 B;0 B;NA
Shared;net10;False;Default;Default;Default;Default;Default;Default;11111111111111111111;Empty;RyuJit;Default;X64;8c5e7fda-e8bf-4a96-9a85-a6e23a8c635c;.NET 10.0;False;True;False;True;Default;Default;False;False;False;Default;Default;Default;Default;Default;net10;Default;Default;Default;Default;Default;Default;Default;Default;Default;Default;Default;16;Default;3.387 ns;0.0141 ns;0.0125 ns;1.63;0.12;400 B;0 B;NA
Crypto;net10;False;Default;Default;Default;Default;Default;Default;11111111111111111111;Empty;RyuJit;Default;X64;8c5e7fda-e8bf-4a96-9a85-a6e23a8c635c;.NET 10.0;False;True;False;True;Default;Default;False;False;False;Default;Default;Default;Default;Default;net10;Default;Default;Default;Default;Default;Default;Default;Default;Default;Default;Default;16;Default;72.779 ns;0.4841 ns;0.3780 ns;34.98;2.53;239 B;0 B;NA
WithoutSeed;net8;False;Default;Default;Default;Default;Default;Default;11111111111111111111;Empty;RyuJit;Default;X64;8c5e7fda-e8bf-4a96-9a85-a6e23a8c635c;.NET 10.0;False;True;False;True;Default;Default;False;False;False;Default;Default;Default;Default;Default;net8;Default;Default;Default;Default;Default;Default;Default;Default;Default;Default;Default;16;Default;1.903 ns;0.0223 ns;0.0198 ns;0.91;0.07;170 B;0 B;NA
WithSeed;net8;False;Default;Default;Default;Default;Default;Default;11111111111111111111;Empty;RyuJit;Default;X64;8c5e7fda-e8bf-4a96-9a85-a6e23a8c635c;.NET 10.0;False;True;False;True;Default;Default;False;False;False;Default;Default;Default;Default;Default;net8;Default;Default;Default;Default;Default;Default;Default;Default;Default;Default;Default;16;Default;2.112 ns;0.0377 ns;0.0315 ns;1.02;0.07;215 B;0 B;NA
Shared;net8;False;Default;Default;Default;Default;Default;Default;11111111111111111111;Empty;RyuJit;Default;X64;8c5e7fda-e8bf-4a96-9a85-a6e23a8c635c;.NET 10.0;False;True;False;True;Default;Default;False;False;False;Default;Default;Default;Default;Default;net8;Default;Default;Default;Default;Default;Default;Default;Default;Default;Default;Default;16;Default;3.218 ns;0.0101 ns;0.0089 ns;1.55;0.11;277 B;0 B;NA
Crypto;net8;False;Default;Default;Default;Default;Default;Default;11111111111111111111;Empty;RyuJit;Default;X64;8c5e7fda-e8bf-4a96-9a85-a6e23a8c635c;.NET 10.0;False;True;False;True;Default;Default;False;False;False;Default;Default;Default;Default;Default;net8;Default;Default;Default;Default;Default;Default;Default;Default;Default;Default;Default;16;Default;81.678 ns;1.6773 ns;4.0510 ns;39.26;3.43;395 B;0 B;NA
WithoutSeed;net9;False;Default;Default;Default;Default;Default;Default;11111111111111111111;Empty;RyuJit;Default;X64;8c5e7fda-e8bf-4a96-9a85-a6e23a8c635c;.NET 10.0;False;True;False;True;Default;Default;False;False;False;Default;Default;Default;Default;Default;net9;Default;Default;Default;Default;Default;Default;Default;Default;Default;Default;Default;16;Default;1.955 ns;0.0129 ns;0.0114 ns;0.94;0.07;170 B;0 B;NA
WithSeed;net9;False;Default;Default;Default;Default;Default;Default;11111111111111111111;Empty;RyuJit;Default;X64;8c5e7fda-e8bf-4a96-9a85-a6e23a8c635c;.NET 10.0;False;True;False;True;Default;Default;False;False;False;Default;Default;Default;Default;Default;net9;Default;Default;Default;Default;Default;Default;Default;Default;Default;Default;Default;16;Default;2.187 ns;0.0172 ns;0.0153 ns;1.05;0.08;215 B;0 B;NA
Shared;net9;False;Default;Default;Default;Default;Default;Default;11111111111111111111;Empty;RyuJit;Default;X64;8c5e7fda-e8bf-4a96-9a85-a6e23a8c635c;.NET 10.0;False;True;False;True;Default;Default;False;False;False;Default;Default;Default;Default;Default;net9;Default;Default;Default;Default;Default;Default;Default;Default;Default;Default;Default;16;Default;2.797 ns;0.0140 ns;0.0117 ns;1.34;0.10;271 B;0 B;NA
Crypto;net9;False;Default;Default;Default;Default;Default;Default;11111111111111111111;Empty;RyuJit;Default;X64;8c5e7fda-e8bf-4a96-9a85-a6e23a8c635c;.NET 10.0;False;True;False;True;Default;Default;False;False;False;Default;Default;Default;Default;Default;net9;Default;Default;Default;Default;Default;Default;Default;Default;Default;Default;Default;16;Default;73.393 ns;0.4778 ns;0.3990 ns;35.28;2.55;371 B;0 B;NA
